CODE,ITEM,SHELF LIFE,CURRENT PAR,WEEK QTY.,AVERAGE MOVEMENT,AVG. PER DAY,APPROX PAR,WEEK SHRINK,PAR ON WEEKEND
QUICHE,,,,,,,,,
1687,"FAMILY SIZE POT PIE, CHICKEN",5,,,,0,0,,
1682,"FAMILY SIZE POT PIE, TURKEY",5,,,,0,0,,
1750,FAMILY SIZE SHEPHERDS PIE,5,,,,0,0,,
1683,"POT PIE, TURKEY",5,,,,0,0,,
1688,"POT PIE, CHICKEN",5,,,,0,0,,
BREAKFAST,,,,,,,,,
7056,"BAGEL SANDWICH, BACON",3,,,,0,0,,
7055,"BAGEL SANDWICH, HAM",3,,,,0,0,,
4462,"BAGEL SANDWICH, SAUSAGE",3,,,,0,0,,
7054,"BAGEL SANDWICH, LOX W/ CREAM CHEESE",3,,,,0,0,,
2640,"BREAKFAST BOWL, BACON",4,,,,0,0,,
2643,"BREAKFAST BOWL, CHORIZO",4,,,,0,0,,
2642,"BREAKFAST BOWL, FLORENTINE",4,,,,0,0,,
2641,"BREAKFAST BOWL, HAM",4,,,,0,0,,
2645,"BREAKFAST BOWL, STEAK",4,,,,0,0,,
2620,"BREAKFAST BURRITO, BACON",4,,,,0,0,,
2623,"BREAKFAST BURRITO, CHORIZO",4,,,,0,0,,
2621,"BREAKFAST BURRITO, HAM",4,,,,0,0,,
2625,"BREAKFAST BURRITO, SAUSAGE",4,,,,0,0,,
2646,"BREAKFAST BURRITO, STEAK",4,,,,0,0,,
2622,"BREAKFAST BURRITO, VEGETABLE",4,,,,0,0,,
2624,"BREAKFAST MUFFIN, BACON",3,,,,0,0,,
2626,"BREAKFAST MUFFIN, HAM",3,,,,0,0,,
2628,"BREAKFAST MUFFIN, SAUSAGE",3,,,,0,0,,
7050,"BREAKFAST SANDWICH, BACON",3,,,,0,0,,
7052,"BREAKFAST SANDWICH, FLORENTINE",3,,,,0,0,,
7051,"BREAKFAST SANDWICH, HAM",3,,,,0,0,,
7058,"CROISSANT SANDWICH, BACON",3,,,,0,0,,
7059,"CROISSANT SANDWICH, HAM",3,,,,0,0,,
2297,"FRITTATA 4PK, BACON & CARAMELIZED ONION",7,,,,0,0,,
2298,"FRITTATA 4PK, ROASTED TOMATO PESTO",7,,,,0,0,,
2299,"FRITTATA 4PK, SMOKED SALMON",7,,,,0,0,,
2300,"FRITTATA 4PK, VARIETY PACK",7,,,,0,0,,
PIZZA,,,,,,,,,
1988,ARTICHOKE CHEESEY BREAD,4,,,,0,0,,
1989,ARTICHOKE JALAPENO CHEESEY BREAD,4,,,,0,0,,
1987,"FRENCH BREAD PIZZA, PEPPERONI",4,,,,0,0,,
1971,"MOZZARELLA, SHREDDED",5,,,,0,0,,
1968,PEPPERONI - BOARS HEAD,10,,,,0,0,,
1969,PIZZA DOUGH (FROZEN),30,,,,0,0,,
1964,"PIZZA DOUGH, FRESH",5,,,,0,0,,
1965,"PIZZA DOUGH, FRESH WHEAT",5,,,,0,0,,
1970,"PIZZA DOUGH, WHEAT (FROZEN)",30,,,,0,0,,
1979,"PIZZA SAUCE, GARLIC RANCH",8,,,,0,0,,
YOGURT CUP,,,,,,,,,
2615,"YOGURT CUP, BLACKBERRY",5,,,,0,0,,
2614,"YOGURT CUP, BLUEBERRY",5,,,,0,0,,
2618,"YOGURT CUP, CHOCOLATE STRAWBERRY",5,,,,0,0,,
2619,"YOGURT CUP, CHOCO-NUT ALMOND",5,,,,0,0,,
2612,"YOGURT CUP, ORANGE CRANBERRY",5,,,,0,0,,
2613,"YOGURT CUP, PUMPKIN PIE",5,,,,0,0,,
2617,"YOGURT CUP, RASPBERRY",5,,,,0,0,,
2616,"YOGURT CUP, STRAWBERRY",5,,,,0,0,,
CHIPS/DIPS,,,,,,,,,
2301,"CHIPPER, QUESO",8,,,,0,0,,
2302,"CHIPPER, W/ DIP",8,,,,0,0,,
2304,"CHIPPER, W/ GUAC",4,,,,0,0,,
2303,"CHIPPER, W/ SALSA",4,,,,0,0,,
2185,"CHIPS, CORN (LARGE)",30,,,,0,0,,
2182,"CHIPS, FLOUR",30,,,,0,0,,
2713,"SPINACH DIP, FAMILY SIZE",7,,,,0,0,,
SAUCES/ MARINADES /DRESSINGS,,,,,,,,,
7447,"APPLESAUCE, SAMLL",21,,,,0,0,,
2071,"BURSCHETTA, LARGE",10,,,,0,0,,
2070,"BURSCHETTA, SMALL",10,,,,0,0,,
1998,"DRESSING BOTTLE, BALSAMIC VINAIGRETTE",14,,,,0,0,,
2254,"DRESSING BOTTLE, CAESAR",14,,,,0,0,,
1977,"DRESSING BOTTLE, COLESLAW",14,,,,0,0,,
2250,"DRESSING BOTTLE, COUNTRY HONEY",14,,,,0,0,,
1982,"DRESSING BOTTLE, CILANTRO LIME",14,,,,0,0,,
1995,"DRESSING BOTTLE, CREAMY BLUE CHEESE",14,,,,0,0,,
1976,"DRESSING BOTTLE, MISO",14,,,,0,0,,
1997,"DRESSING BOTTLE, OREGANO VINAIGRETTE",14,,,,0,0,,
2804,"DRESSING BOTTLE, RANCH",14,,,,0,0,,
2255,"DRESSING BOTTLE, HONEY CITRUS",14,,,,0,0,,
1994,"DRESSING BOTTLE, THAI SESAME",14,,,,0,0,,
2805,"DRESSING BOTTLE, THOUSAND ISLAND",14,,,,0,0,,
1996,"DRESSING BOTTLE, VEGAN GREEN GOODESS",14,,,,0,0,,
4343,"DRY RUB BOTTLE, MEAT POULTRY (CHEF RUB)",30,,,,0,0,,
4342,"DRY RUB BOTTLE, TEXAS",30,,,,0,0,,
4346,"MARINADE BOTTLE, CHIMICHURRI",14,,,,0,0,,
4345,"MARINADE BOTTLE, VIETNAMESE",14,,,,0,0,,
1973,"MARINARA, LARGE",7,,,,0,0,,
1974,"SAUCE BOTTLE, BBQ",14,,,,0,0,,
1992,"SAUCE BOTTLE, ENCHILADA VERDE",7,,,,0,0,,
1975,"SAUCE, ALFREDO, LARGE",7,,,,0,0,,
4348,"SAUCE, BASIL MAYO SMALL",14,,,,0,0,,
4353,"SAUCE, BBQ SAUCE SMALL",14,,,,0,0,,
1980,"SAUCE, BOLOGNESE, LARGE",5,,,,0,0,,
4350,"SAUCE, CHIPOTLE MAYO SMALL",14,,,,0,0,,
4351,"SAUCE, COCKTAIL SMALL",14,,,,0,0,,
4352,"SAUCE, DILL CRÈME FRAICHE SMALL",7,,,,0,0,,
4338,"SAUCE, GARLIC MAYO SMALL",14,,,,0,0,,
4354,"SAUCE, LEMON CAPER SMALL",14,,,,0,0,,
1981,"SAUCE, TURKEY BOLOGNESE, LARGE",5,,,,0,0,,
2509,"STOCK, TURKEY",4,,,,0,0,,
3712,"MARY'S ITALIAN DRESSING, LARGE 12 OZ (SONOMA ONLY)",14,,,,0,0,,
BURRITOS,,,,,,,,,
2486,"BURRITO, ACHIOTE CHICKEN",4,,,,0,0,,
2445,"BURRITO, BEAN & CHEESE",4,,,,0,0,,
2481,"BURRITO, CARNE ASADA",4,,,,0,0,,
2482,"BURRITO, CARNITAS",4,,,,0,0,,
2483,"BURRITO, CHICKEN (NEW RECIPE)",4,,,,0,0,,
2484,"BURRITO, CHILE COLORADO",4,,,,0,0,,
2485,"BURRITO, CHILE VERDE",4,,,,0,0,,
DINNERS,,,,,,,,,
2428,ARROZ CON POLLO,5,,,,0,0,,
1717,BBQ CHICKEN W MACARONI & CHEESE,4,,,,0,0,,
1800,BBQ RIBS & MACARONI AND CHEESE,4,,,,0,0,,
2502,BEEF STROGANOFF,4,,,,0,0,,
2474,CHICKEN ALFREDO,4,,,,0,0,,
2002,"CHICKEN ALFREDO, FAMILY SIZE",4,,,,0,0,,
1912,CHICKEN PAPRIKASH,4,,,,0,0,,
1726,CHICKEN PARMAGIANA W/ PASTA,4,,,,0,0,,
1763,"DINNER FOR TWO, CHICKEN PARM WITH BROCCOLI",4,,,,0,0,,
1779,"DINNER FOR TWO, CHICKEN PARM WITH GREEN BEANS",4,,,,0,0,,
1770,"DINNER FOR TWO, FLANK STEAK WITH BROCCOLI",4,,,,0,0,,
1760,"DINNER FOR TWO, FLANK STEAK WITH GREEN BEANS",4,,,,0,0,,
1784,"DINNER FOR TWO, GRILLED CHICKEN WITH BROCCOLI",4,,,,0,0,,
1761,"DINNER FOR TWO, GRILLED CHICKEN WITH GREEN BN",4,,,,0,0,,
2791,"DINNER FOR TWO, MEATLOAF WITH BROCCOLI",4,,,,0,0,,
2790,"DINNER FOR TWO, MEATLOAF WITH GREEN BEANS",4,,,,0,0,,
2596,"DINNER FOR TWO, ROSEMARY TRI TIP WITH BROCCOLI",4,,,,0,0,,
2594,"DINNER FOR TWO, ROSEMARY TRI TIP WITH GREEN BNS",4,,,,0,0,,
2498,"DINNER FOR TWO, SALMON (GRILLED) W/ WHITE BEANS",4,,,,0,0,,
2500,"DINNER FOR TWO, SALMON (GRILLED) W/ WILD RICE",4,,,,0,0,,
2457,"DINNER FOR TWO, SALMON (GRILLED) WITH BROCCOLI",4,,,,0,0,,
2458,"DINNER FOR TWO, SALMON (GRILLED) WITH GREEN BEANS",4,,,,0,0,,
2556,"DINNER FOR TWO, SALMON (HERBED) W/ WHITE BEANS",4,,,,0,0,,
2555,"DINNER FOR TWO, SALMON (HERBED) W/ WILD RICE",4,,,,0,0,,
2637,"DINNER FOR TWO, SALMON (HERBED) WITH BROCCOLI",4,,,,0,0,,
1762,"DINNER FOR TWO, SALMON (HERBED) WITH GREEN BEANS",4,,,,0,0,,
2573,"DINNER FOR TWO, SPAGHETTI W/ MEATBALLS",4,,,,0,0,,
2648,"DINNER FOR TWO, TRI TIP WITH BROCCOLI",4,,,,0,0,,
2545,"DINNER FOR TWO, TRI TIP WITH GREEN BEANS",4,,,,0,0,,
2446,"DINNER, ACHIOTE CHICKEN WITH BLACK BEANS",4,,,,0,0,,
2310,"DINNER, ACHIOTE CHICKEN WITH BLACK BEANS FAMILY SIZE",4,,,,0,0,,
2551,"DINNER, BAKED SALMON W/ BLACK BEANS",4,,,,0,0,,
1708,"DINNER, BBQ CHICKEN WITH BROCCOLI",4,,,,0,0,,
1716,"DINNER, BBQ CHCIKEN WITH GREEN BEANS",4,,,,0,0,,
1786,"DINNER, BEEF BRISKET & CARROTS WITH BROCCOLI",4,,,,0,0,,
