,,,,,,,,,,,,,,
,,Names:                                                      ,,,#3 Kitchen Production List,,,,,Date:                             ,Chef Sign off:             ,,,
Rank,PLU,BREAKFAST,Par,Inv,Made,Initial,,Rank,PLU,LUNCH,Par,Inv,Made,Initial
,7054,"BAGEL SANDWICH, LOX CREAM CHEESE",,,,,,,2656,CALABRIAN EGG SALAD- PINT,,,,
,2640,"BREAKFAST BOWL, BACON",,,,,,,2402,CHEESE AND FRUIT TRAY,,,,
,2643,BREAKFAST BOWL CHORIZO,,,,,,,,,,,,
,2620,"BREAKFAST BURRITO, BACON",,,,,,,2481,"BURRITO, CARNE ASADA",,,,
,2639,"BREAKFAST BURRITO, BUCKHORN",,,,,,,2445,"BURRITO, BEAN AND CHEESE",,,,
,2623,"BREAKFAST BURRITO, CHORIZO",,,,,,,2486,"BURRITO, ACHIOTE CHICKEN",,,,
,2625,"BREAKFAST BURRITO, SAUSAGE",,,,,,,2407,CHICKEN STRIPS WITH RANCH,,,,
,2622,"BREAKFAST BURRITO, VEGETABLE",,,,,,,2408,CHICKEN STRIPS WITH BBQ,,,,
,2628,"BREAKFAST MUFFIN, SAUSAGE",,,,,,,,,,,,
,2624,"BREAKFAST MUFFIN, BACON",,,,,,,1654,DOLMAS,,,,
,7058,"CROISSANT SANDWICH, BACON",,,,,,,2185,"CHIPS, CORN (LARGE)",,,,
,7059,"CROISSANT SANDWICH, HAM",,,,,,,2182,"CHIPS, FLOUR",,,,
,2616,"YOGURT CUP, STRAWBERRY",,,,,,,2186,"GRANOLA, PLAIN (COFFEE BAR)",,,,
,2606,"YOGURT CUP, STRAWBERRY CHOCO",,,,,,,2187,"CHICKPEAS, MED (SALAD BAR)",,,,
,2617,"YOGURT CUP, RASPBERRY",,,,,,,,,,,,
,2613,"YOGURT CUP, PUMPKIN",,,,,,,,,,,,
,2600,"COTTAGE CHEESE, MIXED BERRY",,,,,,Rank,PLU,RE-PACK,Par,Inv,Made,Initial
,,,,,,,,,4109,CLAM CHOWDER- QUART,,,,
Rank,PLU,WRAPS/SANDWICHES,Par,Inv,Made,Initial,,,4108,CHICKEN NOODLE- QUART,,,,
,2819,"ARAM WRAP, TURKEY 6CT",,,,,,,4105,CHICKEN TORTILLA- QUART,,,,
,2821,"WRAP, CHIPOTLE CHICKEN",,,,,,,4109,CLAM CHOWDER- QUART,,,,
,2823,WRAP BH PEPPER TURKEY,,,,,,,4119,BAKED POTATO- QUART,,,,
,2921,"WRAP, DIESTEL HONEY TURKEY",,,,,,,4107,CHICKEN POBLANO- QUART,,,,
,2825,"WRAP, BH TURKEY",,,,,,,4122,ITALIAN WEDDING- QUART,,,,
,2810,"WRAP, GOURMET BBQ CHICKEN",,,,,,,,,,,,
,2811,"WRAP, GOURMET BUFFALO BLEU",,,,,,,2683,FAMILY SIZE MAC,,,,
,2814,"WRAP, GOURMET SPCY ROAST BEEF",,,,,,,2682,FAMILY SIZE HOMESTYLE,,,,
,2824,"WRAP, ROAST BEEF",,,,,,,,,,,,
,2815,"WRAP, GOURMET TURKEY CRANBERRY",,,,,,,,,,,,
,2816,"WRAP, GOURMET VEGGIE w/ CREAM CH",,,,,,Rank,PLU,DEVILED EGGS,Par,Inv,Made,Initial
,2820,"WRAP, GRILLED CHICKEN",,,,,,,2397,DEVILED EGGS- CLASSIC (6 count),,,,
,2828,"LUNCHBOX, KIDS W/ FRUIT",,,,,,,2399,DEVILED EGGS- CLASSIC (dozen),,,,
,2878,"CROISSANT, TUNA SALAD",,,,,,,2906,CALABRIAN DEVILED EGGS (6 count),,,,
,2842,"CROISSANT, CRAN CHICKEN",,,,,,,2907,CALABRIAN DEVILED EGGS (12 count),,,,
,,,,,,,,,,,,,,
Rank,PLU,Sauces/Marinades/Dressings,Par,Inv,Made,Initial,,Rank,PLU,PIZZA,Par,Inv,Made,Initial
,1998,"DRESSING BOTTLE, BALSAMIC",,,,,,,1971,"MOZZARELLA, SHREDDED",,,,
,2254,"DRESSING BOTTLE, CAESAR",,,,,,,1968,PEPPERONI- BOARS HEAD,,,,
,1997,"DRESSING BOTTLE, OREGANO",,,,,,,1964,"PIZZA DOUGH, FRESH",,,,
,2804,"DRESSING BOTTLE, RANCH",,,,,,,1965,"PIZZA DOUGH, FRESH WHEAT",,,,
,1994,"DRESSING BOTTLE, THAI SESAME",,,,,,,1979,"PIZZA SAUCE, GARLIC RANCH",,,,
,1995,"DRESSING BOTTLE, BLUE CHEESE",,,,,,,,,,,,
,,,,,,,,,,,,,,
,,*currently one week par,,,,,,,,,,,,
,,CHECK PRODUCE DEPT WALL,,,,,,Rank,PLU,PREP/CATERING,Par,Inv,Made,Initial
,,,,,,,,,,,,,,
Notes:,,,,,,,,,,,,,,
,,,,,,,,,,,,,,
,,,,,,,,,,,,,,
,,,,,,,,,,,,,,
,,,,,,,,,,,,,,
,,,,,,,,,,,,,,
,,,,,,,,,,,,,,
,,,,,,,,,,,,,,
,,,,,,,,,,,,,,
,,,,,,,,,,,,,,
,,,,,,,,,,,,,,
,,,,,,,,,,,,,,
,,,,,,,,,,,,,,
,,,,,,,,,,,,,,
,,,,,,,,,,,,,,
,,,,,,,,,,,,,,
,,,,,,,,,,,,,,
,,,,,,,,*Items with two pars are separated for Weekdays / Weekends,,,,,,
